{
  "e8_hypothesis_score": 0.4524,
  "recommendation": "E8 hypothesis NOT SUPPORTED -- variance broadly distributed, use n=32",
  "recommended_n": 32,
  "effective_dim_90pct": 50,
  "effective_dim_95pct": 57,
  "effective_dim_99pct": 63,
  "spectral_gap_1_to_8": 4.29,
  "total_geodesic_variance": 1.129559,
  "n_tokens_compressed": 277,
  "source_dim": 154880,
  "target_dim": 64,
  "compression_time_seconds": 5.8,
  "eigenvalue_spectrum": [
    0.124042,
    0.107038,
    0.069379,
    0.057952,
    0.045487,
    0.040892,
    0.037347,
    0.028891,
    0.028031,
    0.026898,
    0.023015,
    0.021408,
    0.018526,
    0.017653,
    0.016835,
    0.016653,
    0.014865,
    0.014386,
    0.01331,
    0.012601,
    0.012176,
    0.012045,
    0.011856,
    0.011302,
    0.010851,
    0.010719,
    0.010682,
    0.010458,
    0.010266,
    0.010157,
    0.009991,
    0.009612,
    0.009498,
    0.009203,
    0.009155,
    0.008969,
    0.008922,
    0.008813,
    0.008782,
    0.008767,
    0.008739,
    0.008687,
    0.00863,
    0.008602,
    0.008559,
    0.008549,
    0.008492,
    0.008471,
    0.008316,
    0.008294,
    0.008186,
    0.008123,
    0.008105,
    0.008035,
    0.007896,
    0.007794,
    0.007734,
    0.007588,
    0.007428,
    0.007397,
    0.007331,
    0.007151,
    0.007044,
    0.006975
  ],
  "cumulative_variance": [
    0.1098,
    0.2046,
    0.266,
    0.3173,
    0.3576,
    0.3938,
    0.4268,
    0.4524,
    0.4772,
    0.501,
    0.5214,
    0.5404,
    0.5568,
    0.5724,
    0.5873,
    0.602,
    0.6152,
    0.6279,
    0.6397,
    0.6509,
    0.6617,
    0.6723,
    0.6828,
    0.6928,
    0.7024,
    0.7119,
    0.7214,
    0.7306,
    0.7397,
    0.7487,
    0.7576,
    0.7661,
    0.7745,
    0.7826,
    0.7907,
    0.7987,
    0.8066,
    0.8144,
    0.8221,
    0.8299,
    0.8376,
    0.8453,
    0.853,
    0.8606,
    0.8682,
    0.8757,
    0.8833,
    0.8908,
    0.8981,
    0.9055,
    0.9127,
    0.9199,
    0.9271,
    0.9342,
    0.9412,
    0.9481,
    0.9549,
    0.9616,
    0.9682,
    0.9748,
    0.9813,
    0.9876,
    0.9938,
    1.0
  ],
  "eigenvalue_spectrum_top_16": [
    0.124042,
    0.107038,
    0.069379,
    0.057952,
    0.045487,
    0.040892,
    0.037347,
    0.028891,
    0.028031,
    0.026898,
    0.023015,
    0.021408,
    0.018526,
    0.017653,
    0.016835,
    0.016653
  ],
  "cumulative_variance_top_16": [
    0.1098,
    0.2046,
    0.266,
    0.3173,
    0.3576,
    0.3938,
    0.4268,
    0.4524,
    0.4772,
    0.501,
    0.5214,
    0.5404,
    0.5568,
    0.5724,
    0.5873,
    0.602
  ],
  "is_synthetic": false,
  "pillar2_dim32": {
    "cumulative_variance_at_32": 0.7661,
    "spectral_gap_L32_L33": 1.012,
    "kink_detected": false,
    "neighbor_ratios": {
      "L29_L30": 1.0108,
      "L30_L31": 1.0166,
      "L31_L32": 1.0394,
      "L32_L33": 1.012,
      "L33_L34": 1.0321,
      "L34_L35": 1.0052,
      "L35_L36": 1.0208,
      "L36_L37": 1.0052
    }
  }
}