{
  "e8_hypothesis_score": 0.5841,
  "recommendation": "E8 hypothesis NOT SUPPORTED -- variance broadly distributed, use n=32",
  "recommended_n": 32,
  "effective_dim_90pct": 26,
  "effective_dim_95pct": 30,
  "effective_dim_99pct": 36,
  "spectral_gap_1_to_8": 8.21,
  "total_geodesic_variance": 0.234925,
  "n_tokens_compressed": 40,
  "source_dim": 248320,
  "target_dim": 64,
  "compression_time_seconds": 15.3,
  "eigenvalue_spectrum_top_16": [
    0.05543,
    0.020713,
    0.015365,
    0.013139,
    0.00958,
    0.008437,
    0.007809,
    0.006754,
    0.006694,
    0.006054,
    0.005812,
    0.005375,
    0.004971,
    0.004789,
    0.004667,
    0.004552
  ],
  "cumulative_variance_top_16": [
    0.2359,
    0.3241,
    0.3895,
    0.4454,
    0.4862,
    0.5221,
    0.5554,
    0.5841,
    0.6126,
    0.6384,
    0.6631,
    0.686,
    0.7072,
    0.7276,
    0.7474,
    0.7668
  ],
  "is_synthetic": false
}
