{
  "e8_hypothesis_score": 0.4524,
  "recommendation": "E8 hypothesis NOT SUPPORTED -- variance broadly distributed, use n=32",
  "recommended_n": 32,
  "effective_dim_90pct": 50,
  "effective_dim_95pct": 57,
  "effective_dim_99pct": 63,
  "spectral_gap_1_to_8": 4.29,
  "total_geodesic_variance": 1.129559,
  "n_tokens_compressed": 277,
  "source_dim": 154880,
  "target_dim": 64,
  "compression_time_seconds": 2.0,
  "eigenvalue_spectrum_top_16": [
    0.124042,
    0.107038,
    0.069379,
    0.057952,
    0.045487,
    0.040892,
    0.037347,
    0.028891,
    0.028031,
    0.026898,
    0.023015,
    0.021408,
    0.018526,
    0.017653,
    0.016835,
    0.016653
  ],
  "cumulative_variance_top_16": [
    0.1098,
    0.2046,
    0.266,
    0.3173,
    0.3576,
    0.3938,
    0.4268,
    0.4524,
    0.4772,
    0.501,
    0.5214,
    0.5404,
    0.5568,
    0.5724,
    0.5873,
    0.602
  ],
  "is_synthetic": false
}