{
  "e8_hypothesis_score": 0.6148,
  "recommendation": "E8 hypothesis PARTIAL -- use n=16 (fine structure beyond rank-8)",
  "recommended_n": 16,
  "effective_dim_90pct": 19,
  "effective_dim_95pct": 22,
  "effective_dim_99pct": 27,
  "spectral_gap_1_to_8": 3.88,
  "total_geodesic_variance": 1.19988,
  "n_tokens_compressed": 35,
  "source_dim": 154880,
  "target_dim": 64,
  "compression_time_seconds": 3.3,
  "eigenvalue_spectrum_top_16": [
    0.196765,
    0.125705,
    0.092474,
    0.086795,
    0.068212,
    0.063856,
    0.053177,
    0.050655,
    0.046494,
    0.043113,
    0.039998,
    0.037476,
    0.032916,
    0.03275,
    0.028783,
    0.026441
  ],
  "cumulative_variance_top_16": [
    0.164,
    0.2688,
    0.3458,
    0.4182,
    0.475,
    0.5282,
    0.5725,
    0.6148,
    0.6535,
    0.6894,
    0.7228,
    0.754,
    0.7814,
    0.8087,
    0.8327,
    0.8548
  ],
  "is_synthetic": false
}