{
  "e8_hypothesis_score": 0.6148,
  "recommendation": "E8 hypothesis PARTIAL -- use n=16 (fine structure beyond rank-8)",
  "recommended_n": 16,
  "effective_dim_90pct": 19,
  "effective_dim_95pct": 22,
  "effective_dim_99pct": 27,
  "spectral_gap_1_to_8": 3.88,
  "total_geodesic_variance": 1.19988,
  "n_tokens_compressed": 35,
  "source_dim": 154880,
  "target_dim": 64,
  "compression_time_seconds": 3.6,
  "eigenvalue_spectrum": [
    0.196765,
    0.125705,
    0.092474,
    0.086795,
    0.068212,
    0.063856,
    0.053177,
    0.050655,
    0.046494,
    0.043113,
    0.039998,
    0.037476,
    0.032916,
    0.03275,
    0.028783,
    0.026441,
    0.024347,
    0.023644,
    0.021872,
    0.020973,
    0.017198,
    0.014535,
    0.012124,
    0.009109,
    0.007704,
    0.007424,
    0.0055,
    0.003084,
    0.002859,
    0.0022,
    0.001198,
    0.000417,
    7.3e-05,
    7e-06,
    0.0
  ],
  "cumulative_variance": [
    0.164,
    0.2688,
    0.3458,
    0.4182,
    0.475,
    0.5282,
    0.5725,
    0.6148,
    0.6535,
    0.6894,
    0.7228,
    0.754,
    0.7814,
    0.8087,
    0.8327,
    0.8548,
    0.8751,
    0.8948,
    0.913,
    0.9305,
    0.9448,
    0.9569,
    0.967,
    0.9746,
    0.981,
    0.9872,
    0.9918,
    0.9944,
    0.9968,
    0.9986,
    0.9996,
    0.9999,
    1.0,
    1.0,
    1.0
  ],
  "eigenvalue_spectrum_top_16": [
    0.196765,
    0.125705,
    0.092474,
    0.086795,
    0.068212,
    0.063856,
    0.053177,
    0.050655,
    0.046494,
    0.043113,
    0.039998,
    0.037476,
    0.032916,
    0.03275,
    0.028783,
    0.026441
  ],
  "cumulative_variance_top_16": [
    0.164,
    0.2688,
    0.3458,
    0.4182,
    0.475,
    0.5282,
    0.5725,
    0.6148,
    0.6535,
    0.6894,
    0.7228,
    0.754,
    0.7814,
    0.8087,
    0.8327,
    0.8548
  ],
  "is_synthetic": false,
  "pillar2_dim32": {
    "cumulative_variance_at_32": 0.9999,
    "spectral_gap_L32_L33": 5.6996,
    "kink_detected": true,
    "neighbor_ratios": {
      "L29_L30": 1.3,
      "L30_L31": 1.8366,
      "L31_L32": 2.8728,
      "L32_L33": 5.6996,
      "L33_L34": 9.8671
    }
  }
}