{
  "e8_hypothesis_score": 0.1613,
  "recommendation": "E8 hypothesis NOT SUPPORTED -- variance broadly distributed, use n=32",
  "recommended_n": 32,
  "effective_dim_90pct": 56,
  "effective_dim_95pct": 60,
  "effective_dim_99pct": 64,
  "spectral_gap_1_to_8": 1.07,
  "total_geodesic_variance": 0.106213,
  "n_tokens_compressed": 500,
  "source_dim": 32000,
  "target_dim": 64,
  "compression_time_seconds": 2.9,
  "eigenvalue_spectrum_top_16": [
    0.002229,
    0.002205,
    0.002142,
    0.002135,
    0.002124,
    0.002108,
    0.002096,
    0.00209,
    0.002079,
    0.002067,
    0.002036,
    0.00202,
    0.001994,
    0.001985,
    0.001955,
    0.001928
  ],
  "cumulative_variance_top_16": [
    0.021,
    0.0417,
    0.0619,
    0.082,
    0.102,
    0.1218,
    0.1416,
    0.1613,
    0.1808,
    0.2003,
    0.2195,
    0.2385,
    0.2573,
    0.2759,
    0.2944,
    0.3125
  ],
  "is_synthetic": true
}
